[
  {
    "id": "course-1",
    "title": "Math Fun 101",
    "description": "Learn basic math using games and fun activities.",
    "category": "Math",
    "type": "COURSE",
    "gradeRange": "1st–3rd",
    "minAge": 6,
    "maxAge": 9,
    "price": 49.99,
    "nextSessionDate": "2025-07-20T15:00:00Z"
  },
  {
    "id": "course-2",
    "title": "Science Explorers",
    "description": "Explore exciting science experiments and nature.",
    "category": "Science",
    "type": "CLUB",
    "gradeRange": "2nd–4th",
    "minAge": 7,
    "maxAge": 10,
    "price": 59.99,
    "nextSessionDate": "2025-08-01T10:00:00Z"
  },
  {
    "id": "course-3",
    "title": "Creative Painting",
    "description": "Bring out your inner artist with painting and color mixing.",
    "category": "Art",
    "type": "ONE_TIME",
    "gradeRange": "3rd–5th",
    "minAge": 8,
    "maxAge": 11,
    "price": 29.99,
    "nextSessionDate": "2025-07-25T14:00:00Z"
  },
  {
    "id": "course-4",
    "title": "Coding for Kids",
    "description": "Intro to programming using block-based coding tools.",
    "category": "Technology",
    "type": "COURSE",
    "gradeRange": "4th–6th",
    "minAge": 9,
    "maxAge": 12,
    "price": 89.99,
    "nextSessionDate": "2025-08-03T11:00:00Z"
  },
  {
    "id": "course-5",
    "title": "World History Club",
    "description": "Learn about ancient civilizations and world leaders.",
    "category": "History",
    "type": "CLUB",
    "gradeRange": "5th–7th",
    "minAge": 10,
    "maxAge": 13,
    "price": 39.99,
    "nextSessionDate": "2025-07-30T16:00:00Z"
  },
  {
    "id": "course-6",
    "title": "Math Challenge",
    "description": "Advanced math challenges and puzzles for curious minds.",
    "category": "Math",
    "type": "COURSE",
    "gradeRange": "6th–8th",
    "minAge": 11,
    "maxAge": 14,
    "price": 59.99,
    "nextSessionDate": "2025-08-08T13:00:00Z"
  },
  {
    "id": "course-7",
    "title": "Biology Basics",
    "description": "Introduction to the human body and ecosystems.",
    "category": "Science",
    "type": "COURSE",
    "gradeRange": "4th–6th",
    "minAge": 9,
    "maxAge": 12,
    "price": 54.99,
    "nextSessionDate": "2025-07-27T12:00:00Z"
  },
  {
    "id": "course-8",
    "title": "Tech Builders Club",
    "description": "Design and build with real tools and ideas.",
    "category": "Technology",
    "type": "CLUB",
    "gradeRange": "5th–7th",
    "minAge": 10,
    "maxAge": 13,
    "price": 65.00,
    "nextSessionDate": "2025-08-05T17:00:00Z"
  },
  {
    "id": "course-9",
    "title": "Sketch & Draw",
    "description": "Pencil sketching, shading, and drawing animals.",
    "category": "Art",
    "type": "ONE_TIME",
    "gradeRange": "3rd–5th",
    "minAge": 8,
    "maxAge": 11,
    "price": 19.99,
    "nextSessionDate": "2025-07-22T10:00:00Z"
  },
  {
    "id": "course-10",
    "title": "Astronomy Night",
    "description": "Explore stars, planets, and constellations.",
    "category": "Science",
    "type": "ONE_TIME",
    "gradeRange": "4th–6th",
    "minAge": 9,
    "maxAge": 12,
    "price": 34.50,
    "nextSessionDate": "2025-08-02T21:00:00Z"
  },


  {
    "id": "course-11",
    "title": "Algebra Adventure",
    "description": "Fun intro to algebra concepts and practice problems.",
    "category": "Math",
    "type": "COURSE",
    "gradeRange": "6th–8th",
    "minAge": 11,
    "maxAge": 14,
    "price": 49.00,
    "nextSessionDate": "2025-08-10T14:00:00Z"
  },
  {
    "id": "course-12",
    "title": "Science of Cooking",
    "description": "Discover chemistry in the kitchen.",
    "category": "Science",
    "type": "CLUB",
    "gradeRange": "4th–6th",
    "minAge": 9,
    "maxAge": 12,
    "price": 58.75,
    "nextSessionDate": "2025-07-26T11:00:00Z"
  },
  {
    "id": "course-13",
    "title": "Digital Art Basics",
    "description": "Use tablets to create awesome digital art.",
    "category": "Art",
    "type": "COURSE",
    "gradeRange": "5th–7th",
    "minAge": 10,
    "maxAge": 13,
    "price": 69.99,
    "nextSessionDate": "2025-08-01T16:00:00Z"
  },
  {
    "id": "course-14",
    "title": "Python Programming",
    "description": "Intro to Python with hands-on projects.",
    "category": "Technology",
    "type": "COURSE",
    "gradeRange": "7th–9th",
    "minAge": 12,
    "maxAge": 15,
    "price": 99.99,
    "nextSessionDate": "2025-08-12T10:00:00Z"
  },
  {
    "id": "course-15",
    "title": "Art History Stories",
    "description": "Discover famous artists and artworks.",
    "category": "History",
    "type": "COURSE",
    "gradeRange": "6th–8th",
    "minAge": 11,
    "maxAge": 14,
    "price": 45.00,
    "nextSessionDate": "2025-07-29T15:00:00Z"
  },
  {
    "id": "course-16",
    "title": "Space Club",
    "description": "Ongoing club learning about the universe.",
    "category": "Science",
    "type": "CLUB",
    "gradeRange": "5th–8th",
    "minAge": 10,
    "maxAge": 13,
    "price": 40.00,
    "nextSessionDate": "2025-08-15T18:00:00Z"
  },
  {
    "id": "course-17",
    "title": "Java Game Design",
    "description": "Code simple games using Java.",
    "category": "Technology",
    "type": "COURSE",
    "gradeRange": "7th–9th",
    "minAge": 12,
    "maxAge": 15,
    "price": 105.00,
    "nextSessionDate": "2025-08-14T14:00:00Z"
  },
  {
    "id": "course-18",
    "title": "Cartooning Workshop",
    "description": "Create your own comic strip characters.",
    "category": "Art",
    "type": "ONE_TIME",
    "gradeRange": "4th–6th",
    "minAge": 9,
    "maxAge": 12,
    "price": 32.00,
    "nextSessionDate": "2025-07-23T10:00:00Z"
  },
  {
    "id": "course-19",
    "title": "Inventors Club",
    "description": "Design and build inventions every week.",
    "category": "Technology",
    "type": "CLUB",
    "gradeRange": "6th–9th",
    "minAge": 11,
    "maxAge": 14,
    "price": 70.00,
    "nextSessionDate": "2025-08-06T12:00:00Z"
  },
  {
    "id": "course-20",
    "title": "Geography Quest",
    "description": "Explore continents, maps, and cultures.",
    "category": "History",
    "type": "COURSE",
    "gradeRange": "5th–7th",
    "minAge": 10,
    "maxAge": 13,
    "price": 35.99,
    "nextSessionDate": "2025-07-28T13:00:00Z"
  }
,
  {
    "id": "course-21",
    "title": "Math Puzzles & Riddles",
    "description": "Sharpen your logic with math puzzles and brain teasers.",
    "category": "Math",
    "type": "CLUB",
    "gradeRange": "4th–6th",
    "minAge": 9,
    "maxAge": 12,
    "price": 42.00,
    "nextSessionDate": "2025-08-04T14:00:00Z"
  },
  {
    "id": "course-22",
    "title": "Chemistry Lab Fun",
    "description": "Hands-on chemistry experiments for young scientists.",
    "category": "Science",
    "type": "ONE_TIME",
    "gradeRange": "5th–7th",
    "minAge": 10,
    "maxAge": 13,
    "price": 38.50,
    "nextSessionDate": "2025-08-09T11:30:00Z"
  },
  {
    "id": "course-23",
    "title": "Digital Photography Basics",
    "description": "Learn camera skills and editing basics.",
    "category": "Art",
    "type": "COURSE",
    "gradeRange": "6th–9th",
    "minAge": 11,
    "maxAge": 14,
    "price": 72.00,
    "nextSessionDate": "2025-08-11T16:00:00Z"
  },
  {
    "id": "course-24",
    "title": "Robotics with Arduino",
    "description": "Build real robots using Arduino boards.",
    "category": "Technology",
    "type": "COURSE",
    "gradeRange": "7th–9th",
    "minAge": 12,
    "maxAge": 15,
    "price": 120.00,
    "nextSessionDate": "2025-08-16T14:00:00Z"
  },
  {
    "id": "course-25",
    "title": "Famous Battles in History",
    "description": "Study key historical battles and their impact.",
    "category": "History",
    "type": "COURSE",
    "gradeRange": "6th–8th",
    "minAge": 11,
    "maxAge": 14,
    "price": 48.00,
    "nextSessionDate": "2025-07-31T15:00:00Z"
  },
  {
    "id": "course-26",
    "title": "Numbers & Shapes",
    "description": "A gentle math introduction using games.",
    "category": "Math",
    "type": "ONE_TIME",
    "gradeRange": "1st–2nd",
    "minAge": 5,
    "maxAge": 7,
    "price": 25.00,
    "nextSessionDate": "2025-07-21T09:30:00Z"
  },
  {
    "id": "course-27",
    "title": "Forensics 101",
    "description": "Solve mock crime scenes using science!",
    "category": "Science",
    "type": "CLUB",
    "gradeRange": "7th–9th",
    "minAge": 12,
    "maxAge": 15,
    "price": 63.50,
    "nextSessionDate": "2025-08-13T13:00:00Z"
  },
  {
    "id": "course-28",
    "title": "Watercolor Wonders",
    "description": "Experiment with watercolor techniques.",
    "category": "Art",
    "type": "ONE_TIME",
    "gradeRange": "3rd–5th",
    "minAge": 8,
    "maxAge": 11,
    "price": 29.00,
    "nextSessionDate": "2025-07-24T10:00:00Z"
  },
  {
    "id": "course-29",
    "title": "Web Development Basics",
    "description": "HTML, CSS and JavaScript for beginners.",
    "category": "Technology",
    "type": "COURSE",
    "gradeRange": "7th–9th",
    "minAge": 12,
    "maxAge": 15,
    "price": 95.00,
    "nextSessionDate": "2025-08-07T11:00:00Z"
  },
  {
    "id": "course-30",
    "title": "Legends & Leaders",
    "description": "Learn about global changemakers and their lives.",
    "category": "History",
    "type": "CLUB",
    "gradeRange": "5th–7th",
    "minAge": 10,
    "maxAge": 13,
    "price": 37.00,
    "nextSessionDate": "2025-08-10T15:00:00Z"
  },
  {
    "id": "course-31",
    "title": "Geometry Genius",
    "description": "Shapes, theorems, and spatial reasoning.",
    "category": "Math",
    "type": "COURSE",
    "gradeRange": "6th–8th",
    "minAge": 11,
    "maxAge": 14,
    "price": 55.00,
    "nextSessionDate": "2025-08-14T13:00:00Z"
  },
  {
    "id": "course-32",
    "title": "Volcano Science",
    "description": "Explore lava, pressure, and volcanoes!",
    "category": "Science",
    "type": "ONE_TIME",
    "gradeRange": "3rd–5th",
    "minAge": 8,
    "maxAge": 11,
    "price": 28.00,
    "nextSessionDate": "2025-07-26T12:30:00Z"
  },
  {
    "id": "course-33",
    "title": "Portrait Drawing",
    "description": "Learn to sketch realistic faces.",
    "category": "Art",
    "type": "COURSE",
    "gradeRange": "6th–9th",
    "minAge": 11,
    "maxAge": 14,
    "price": 60.00,
    "nextSessionDate": "2025-08-11T10:00:00Z"
  },
  {
    "id": "course-34",
    "title": "Scratch Programming",
    "description": "Build games using Scratch blocks.",
    "category": "Technology",
    "type": "COURSE",
    "gradeRange": "4th–6th",
    "minAge": 9,
    "maxAge": 12,
    "price": 75.00,
    "nextSessionDate": "2025-08-09T13:30:00Z"
  },
  {
    "id": "course-35",
    "title": "Time Travelers Club",
    "description": "Explore ancient times and future tech.",
    "category": "History",
    "type": "CLUB",
    "gradeRange": "5th–7th",
    "minAge": 10,
    "maxAge": 13,
    "price": 50.00,
    "nextSessionDate": "2025-08-01T15:30:00Z"
  },
  {
    "id": "course-36",
    "title": "Logic & Reasoning",
    "description": "Boost logical skills with games and activities.",
    "category": "Math",
    "type": "COURSE",
    "gradeRange": "4th–6th",
    "minAge": 9,
    "maxAge": 12,
    "price": 47.00,
    "nextSessionDate": "2025-08-03T11:30:00Z"
  },
  {
    "id": "course-37",
    "title": "Plant Science",
    "description": "Grow your own plants and learn how they live.",
    "category": "Science",
    "type": "COURSE",
    "gradeRange": "3rd–5th",
    "minAge": 8,
    "maxAge": 11,
    "price": 39.99,
    "nextSessionDate": "2025-07-30T10:00:00Z"
  },
  {
    "id": "course-38",
    "title": "Craft with Clay",
    "description": "Make beautiful clay models and toys.",
    "category": "Art",
    "type": "ONE_TIME",
    "gradeRange": "2nd–4th",
    "minAge": 7,
    "maxAge": 10,
    "price": 22.00,
    "nextSessionDate": "2025-07-25T14:30:00Z"
  },
  {
    "id": "course-39",
    "title": "Cybersecurity for Kids",
    "description": "Learn to stay safe online and protect your data.",
    "category": "Technology",
    "type": "COURSE",
    "gradeRange": "6th–8th",
    "minAge": 11,
    "maxAge": 14,
    "price": 85.00,
    "nextSessionDate": "2025-08-13T15:30:00Z"
  },
  {
    "id": "course-40",
    "title": "Ancient Egypt",
    "description": "Study pyramids, pharaohs, and mummies.",
    "category": "History",
    "type": "ONE_TIME",
    "gradeRange": "4th–6th",
    "minAge": 9,
    "maxAge": 12,
    "price": 30.00,
    "nextSessionDate": "2025-08-02T12:00:00Z"
  },
  {
    "id": "course-41",
    "title": "Probability Playground",
    "description": "Roll dice, flip coins, and learn probability.",
    "category": "Math",
    "type": "ONE_TIME",
    "gradeRange": "5th–7th",
    "minAge": 10,
    "maxAge": 13,
    "price": 33.00,
    "nextSessionDate": "2025-08-05T13:00:00Z"
  },
  {
    "id": "course-42",
    "title": "Physics in Motion",
    "description": "Learn about force, speed, and gravity.",
    "category": "Science",
    "type": "COURSE",
    "gradeRange": "6th–8th",
    "minAge": 11,
    "maxAge": 14,
    "price": 52.50,
    "nextSessionDate": "2025-08-10T11:00:00Z"
  },
  {
    "id": "course-43",
    "title": "Mandala Art",
    "description": "Relax with meditative mandala drawing.",
    "category": "Art",
    "type": "ONE_TIME",
    "gradeRange": "3rd–5th",
    "minAge": 8,
    "maxAge": 11,
    "price": 20.00,
    "nextSessionDate": "2025-07-22T14:00:00Z"
  },
  {
    "id": "course-44",
    "title": "AI for Beginners",
    "description": "Discover basics of Artificial Intelligence.",
    "category": "Technology",
    "type": "COURSE",
    "gradeRange": "8th–10th",
    "minAge": 13,
    "maxAge": 16,
    "price": 115.00,
    "nextSessionDate": "2025-08-18T10:00:00Z"
  },
  {
    "id": "course-45",
    "title": "Freedom Fighters of India",
    "description": "Know the heroes who fought for India's freedom.",
    "category": "History",
    "type": "CLUB",
    "gradeRange": "6th–8th",
    "minAge": 11,
    "maxAge": 14,
    "price": 42.00,
    "nextSessionDate": "2025-08-06T16:00:00Z"
  },
  {
    "id": "course-46",
    "title": "Advanced Math Camp",
    "description": "Challenge your math skills with higher topics.",
    "category": "Math",
    "type": "COURSE",
    "gradeRange": "8th–10th",
    "minAge": 13,
    "maxAge": 16,
    "price": 125.00,
    "nextSessionDate": "2025-08-17T10:00:00Z"
  },
  {
    "id": "course-47",
    "title": "The Solar System",
    "description": "Study each planet and their properties.",
    "category": "Science",
    "type": "CLUB",
    "gradeRange": "4th–6th",
    "minAge": 9,
    "maxAge": 12,
    "price": 35.00,
    "nextSessionDate": "2025-07-29T13:00:00Z"
  },
  {
    "id": "course-48",
    "title": "DIY Pop Art",
    "description": "Create colorful pop art like Warhol!",
    "category": "Art",
    "type": "ONE_TIME",
    "gradeRange": "4th–6th",
    "minAge": 9,
    "maxAge": 12,
    "price": 28.00,
    "nextSessionDate": "2025-07-31T12:00:00Z"
  },
  {
    "id": "course-49",
    "title": "Game Dev with Unity",
    "description": "Make your own 2D games using Unity engine.",
    "category": "Technology",
    "type": "COURSE",
    "gradeRange": "8th–10th",
    "minAge": 13,
    "maxAge": 16,
    "price": 130.00,
    "nextSessionDate": "2025-08-19T14:00:00Z"
  },
  {
    "id": "course-50",
    "title": "World War II Timeline",
    "description": "Walk through the major events of WWII.",
    "category": "History",
    "type": "COURSE",
    "gradeRange": "7th–9th",
    "minAge": 12,
    "maxAge": 15,
    "price": 58.00,
    "nextSessionDate": "2025-08-12T15:00:00Z"
  }
]

